{"hslThresholdHue":[46.7561222399084,89.79841567788532],"hslThresholdSaturation":[204.09172661870508,255.0],"hslThresholdLuminance":[80.26079136690647,218.51010101010098],"filterContoursMinArea":10.0,"filterContoursMinPerimeter":175.0,"filterContoursMinWidth":180.0,"filterContoursMaxWidth":500.0,"filterContoursMinHeight":10.0,"filterContoursMaxHeight":95.0,"filterContoursSolidity":[60.251798561151084,100.0],"filterContoursMaxVertices":1000.0,"filterContoursMinVertices":30.0,"filterContoursMinRatio":0.0,"filterContoursMaxRatio":1000.0}